id;nome;cid10;area;prevalencia_idosos;sinais_alerta;avaliacao;procedimentos_recomendados;precaucoes_idosos;metas_mensuraveis;criterios_encaminhamento;fontes
C001;Osteoartrite de joelho;M17;Traumato-ortopedia;muito alta;Joelho quente, vermelho e muito edemaciado com febre (artrite séptica) | Bloqueio mecânico súbito;EVA/END | WOMAC ou KOOS | Goniometria | Força de quadríceps e abdutores de quadril | TUG | Sentar-levantar 30 s;P008 | P009 | P010 | P017 | P005;Priorizar exercício e educação em vez de recursos passivos isolados | Adaptar agachamentos à dor (dor até 5/10 aceitável se ceder em 24 h) | Checar prótese metálica antes de ultrassom contínuo;Reduzir EVA em ≥ 2 pontos | Melhorar WOMAC em ≥ 12% | Aumentar repetições no sentar-levantar;Dor refratária após 12 semanas de exercício supervisionado | Deformidade progressiva ou instabilidade;OARSI Guidelines 2019 (Bannuru RR et al.) | NICE NG226 – Osteoarthritis 2022
C002;Osteoartrite de quadril;M16;Traumato-ortopedia;alta;Dor súbita intensa sem trauma (considerar necrose ou fratura por estresse) | Dor em repouso noturna progressiva;EVA/END | HOOS ou WOMAC | Goniometria (rotação interna e flexão) | Força de glúteo médio | Marcha e TUG;P008 | P009 | P010 | P017;Treino de marcha com dispositivo auxiliar se indicado (bengala na mão contralateral) | Controle de carga em pacientes com obesidade;Reduzir EVA em ≥ 2 pontos | Aumentar ADM de rotação interna | Melhorar velocidade de marcha;Limitação funcional grave apesar de tratamento (avaliar indicação de artroplastia);OARSI Guidelines 2019 | NICE NG226 2022
C003;Pós-operatório de artroplastia total de joelho;Z96.65 / Z47.1;Traumato-ortopedia;alta;Sinais de TVP ou TEP | Febre, secreção ou vermelhidão progressiva na ferida | Dor desproporcional súbita (luxação, fratura periprotética);Data da cirurgia e protocolo do cirurgião | Goniometria (meta ≥ 90° de flexão em 6 semanas, extensão completa) | Perimetria | Força de quadríceps | TUG;P008 | P009 | P006 | P003 | P017;Não usar ultrassom contínuo sobre a prótese | Controle de dor antes da sessão | Treino de marcha com andador até controle de quadríceps | Atenção à hipotensão ortostática nas primeiras semanas;Flexão ≥ 90° e déficit de extensão < 5° em 6 semanas | Marcha sem dispositivo em 6–12 semanas conforme evolução;Flexão < 90° em 6–8 semanas (avaliar rigidez/artrofibrose) | Qualquer sinal de infecção ou TVP;AAOS Clinical Practice Guideline – Management of Osteoarthritis of the Knee (Arthroplasty) 2022 | Jette DU et al., APTA CPG Physical Therapist Management of TKA, Phys Ther 2020
C004;Pós-operatório de artroplastia total de quadril;Z96.64 / Z47.1;Traumato-ortopedia;alta;Encurtamento e rotação do membro com dor súbita (luxação) | Sinais de TVP/TEP | Sinais de infecção;Via de acesso cirúrgico e restrições de movimento registradas | Força de abdutores | Marcha | TUG;P008 | P017 | P009;Respeitar as precauções de luxação definidas pelo cirurgião (dependem da via de acesso) | Via posterior: geralmente evitar flexão > 90°, adução e rotação interna combinadas | Orientar cadeira e vaso elevados, dormir com travesseiro entre as pernas se prescrito;Marcha independente com ou sem dispositivo | Transferências independentes com as precauções;Suspeita de luxação ou soltura | Claudicação persistente com dor após 3 meses;AAOS CPG – Management of Osteoarthritis of the Hip 2023
C005;Fratura de fêmur proximal (quadril) – pós-operatório;S72.0 / S72.1 / S72.2;Traumato-ortopedia;alta (evento sentinela de fragilidade);Delirium | Sinais de TVP/TEP | Lesão por pressão | Pneumonia;Carga permitida pelo cirurgião | Função pré-fratura (Barthel) | Cognição (MEEM/Mini-Cog) e delirium (CAM) | Pele (sacro e calcâneos) | Triagem geriátrica completa assim que possível;P016 | P008 | P017 | P014;Mobilizar precocemente (sentar e ficar em pé em até 24–48 h do pós-operatório, se liberado) | Respeitar a carga permitida | Prevenção de quedas e de nova fratura (investigar osteoporose) | Mudança de decúbito e prevenção de lesão por pressão;Retornar ao nível funcional pré-fratura | Barthel e velocidade de marcha em evolução mensal;Sem avaliação de osteoporose registrada (sugerir ao médico) | Delirium ou declínio cognitivo novo;NICE CG124 – Hip fracture management (atualização 2023) | Fragility Fracture Network – Global Call to Action 2018
C006;Osteoporose;M81 (sem fratura) / M80 (com fratura);Traumato-ortopedia;muito alta em mulheres;Dor torácica ou lombar súbita após esforço mínimo (fratura vertebral) | Perda de altura > 4 cm;Densitometria ou diagnóstico médico | Histórico de fraturas | Altura | Força, equilíbrio e TUG | Postura (cifose);P008 | P017 | P009;Evitar flexão de tronco com carga, torção forçada e abdominais tipo 'crunch' | Evitar manipulação de alta velocidade na coluna | Exercício resistido progressivo e treino de equilíbrio são recomendados | Impacto moderado só se sem fratura vertebral e conforme tolerância;Melhorar Berg e TUG | Aumentar força de extensores de tronco e membros inferiores;Suspeita de fratura vertebral nova;Too Fit To Fracture – Giangregorio LM et al., Osteoporos Int 2014 | Royal Osteoporosis Society – Strong, Steady and Straight 2019
C007;Fratura vertebral por compressão (osteoporótica);M80.0 / M48.5;Traumato-ortopedia;alta;Déficit neurológico novo em membros inferiores | Dor que não melhora com repouso após 6 semanas;EVA/END | Nível da fratura | Postura e altura | Função (Barthel);P008 | P017 | P002;Sem flexão de tronco com carga | Sem manipulação da coluna | Exercícios de extensão de tronco suaves e treino postural | Orientar transferências em bloco na fase aguda;Reduzir dor | Retorno às AVDs | Melhora de força de extensores de tronco;Qualquer sinal neurológico;Royal Osteoporosis Society – Strong, Steady and Straight 2019
C008;Lombalgia crônica / estenose do canal lombar;M54.5 / M48.0;Traumato-ortopedia;muito alta;Cauda equina | Histórico de câncer com dor nova | Febre | Dor noturna constante | Perda de peso inexplicada | Trauma com osteoporose;Triagem de bandeiras vermelhas | STarT Back | Oswestry (ODI) | Distância de caminhada até sintomas (claudicação neurogênica);P020 | P008 | P010 | P017;Na estenose, exercícios em flexão costumam ser mais tolerados (ex.: bicicleta ergométrica) | Ver osteoporose antes de terapia manual | Evitar manipulação de alta velocidade se osteoporose ou anticoagulação;Reduzir ODI em ≥ 10 pontos | Aumentar distância de caminhada sem sintomas;Déficit neurológico progressivo | Qualquer bandeira vermelha;NICE NG59 2016 (atualização 2020) | NASS Clinical Guidelines – Degenerative Lumbar Spinal Stenosis
C009;Cervicalgia / espondiloartrose cervical;M54.2 / M47.8;Traumato-ortopedia;alta;Sinais de mielopatia (alteração de marcha, perda de destreza nas mãos) | Tontura, diplopia, disartria, disfagia ou queda súbita (insuficiência vertebrobasilar);NDI (Neck Disability Index) | ADM cervical | Triagem vascular IFOMPT | Teste neurológico;P008 | P010 | P002;Evitar manipulação cervical de alta velocidade em idosos (maior risco vascular e de osteoporose) | Preferir mobilização de baixo grau e exercício;Reduzir NDI | Melhorar ADM cervical;Sinais de mielopatia ou vasculares;IFOMPT International Framework 2020 | Blanpied PR et al., JOSPT CPG Neck Pain 2017
C010;Dor no ombro (tendinopatia do manguito rotador / capsulite adesiva);M75.1 / M75.0;Traumato-ortopedia;alta;Dor no ombro esquerdo com esforço e sintomas cardíacos | Incapacidade súbita de elevar o braço após queda (ruptura);SPADI ou DASH | ADM ativa e passiva | Força de manguito;P008 | P009 | P010 | P005 | P006;Em capsulite, alongamento dentro da dor tolerável | Ruptura traumática em idoso ativo deve ser avaliada por ortopedista;Reduzir SPADI | Aumentar elevação ativa;Pseudoparalisia após trauma | Sem melhora em 12 semanas;Kelley MJ et al., JOSPT CPG Shoulder Pain and Mobility Deficits: Adhesive Capsulitis 2013
C011;Sarcopenia;M62.84 (CID-10-CM);Gerontologia;alta;Perda de peso não intencional | Queda funcional rápida;SARC-F | Força de preensão | Sentar-levantar 5x (> 15 s = força baixa) | SPPB | Velocidade de marcha;P008 | P017;Exercício resistido progressivo 2–3x/semana, 60–80% de 1RM conforme tolerância | Associar orientação nutricional (proteína) com nutricionista/médico;Aumentar força de preensão | Reduzir tempo do sentar-levantar 5x | Aumentar SPPB em ≥ 1 ponto;Perda de peso > 5% em 6–12 meses;EWGSOP2, Cruz-Jentoft AJ et al., Age and Ageing 2019 | ICFSR Sarcopenia Guidelines, Dent E et al., 2018
C012;Síndrome da fragilidade;R54;Gerontologia;alta;Declínio funcional agudo | Delirium;CFS ou Fried | SPPB | Velocidade de marcha | Katz/Lawton | Nutrição e cognição;P008 | P017 | P009;Programa multicomponente (resistência + equilíbrio + marcha + funcional) | Início com baixa intensidade e progressão lenta | Sessões curtas com pausas | Treino supervisionado;Reduzir CFS ou número de critérios de Fried | Melhorar SPPB e velocidade de marcha;Avaliação geriátrica ampla se não houver;ICFSR Frailty Guidelines, Dent E et al., J Nutr Health Aging 2019 | Izquierdo M et al., International Exercise Recommendations in Older Adults (ICFSR), 2021
C013;Quedas recorrentes / risco de queda;R29.6;Gerontologia;muito alta;Queda com perda de consciência | Queda com traumatismo craniano em anticoagulado | Incapacidade de levantar-se sozinho;Histórico de quedas | TUG | Berg ou Mini-BESTest | FES-I | Hipotensão ortostática | Revisão de medicamentos | Visão e calçados | Riscos domiciliares;P017 | P008;Treino de equilíbrio desafiador, ≥ 3 h/semana acumuladas, com progressão | Ensinar a levantar do chão | Orientação de adaptação domiciliar | Cinto de marcha e supervisão em alto risco;Reduzir TUG abaixo de 13,5 s | Berg > 45 | Reduzir FES-I | Zero quedas no período;Síncope | Queda sem causa aparente recorrente (avaliação médica) | Alteração visual não corrigida;World Guidelines for Falls Prevention, Montero-Odasso M et al., Age and Ageing 2022 | Sherrington C et al., Cochrane 2019 – Exercise for preventing falls
C014;AVC – sequelas (hemiparesia);I69 / I63;Neurofuncional;alta;Novos sinais neurológicos agudos | PA ≥ 180/110 mmHg | Disfagia com tosse após alimentação (risco de aspiração);Fugl-Meyer | Ashworth modificada | Berg | Velocidade de marcha 10 m | Barthel ou MIF | Sensibilidade | Ombro doloroso;P018 | P017 | P008 | P003;Proteger ombro hemiplégico (evitar tração pelo braço) | Checar sensibilidade antes de recursos físicos | Monitorar PA | Prevenção de quedas;Aumentar velocidade de marcha ≥ 0,1 m/s | Melhorar Barthel | Berg > 45;Novo déficit neurológico (emergência) | Espasticidade limitante (avaliar toxina botulínica);Diretrizes de Atenção à Reabilitação da Pessoa com AVC – Ministério da Saúde 2013 | AHA/ASA Guidelines for Adult Stroke Rehabilitation and Recovery 2016
C015;Doença de Parkinson;G20;Neurofuncional;moderada;Piora súbita (infecção, efeito de medicamento) | Disfagia | Alucinações novas;Estágio Hoehn & Yahr | MDS-UPDRS parte III (se treinada) | Mini-BESTest | TUG com dupla tarefa | Questionário de congelamento de marcha (FOG-Q) | Hipotensão ortostática;P017 | P008 | P009;Sessões na fase 'on' da medicação | Uso de pistas externas (visuais, auditivas) para congelamento | Exercício aeróbico e de alta amplitude | Checar hipotensão ortostática;Melhorar Mini-BESTest | Reduzir episódios de congelamento | Manter ou aumentar velocidade de marcha;Quedas frequentes apesar de treino | Disfagia (fonoaudiologia);European Physiotherapy Guideline for Parkinson's Disease, KNGF/ParkinsonNet 2014 | Osborne JA et al., APTA CPG Parkinson Disease, Phys Ther 2022
C016;Demência (Alzheimer e outras);F00-F03 / G30;Neurofuncional;alta após 80 anos;Delirium sobreposto (piora aguda) | Sinais de maus-tratos ou negligência;Estágio (CDR ou FAST) | MEEM | TUG | Berg | Barthel | Comportamento;P017 | P008;Não usar termoterapia/eletroterapia se o paciente não relata dor/calor | Instruções curtas, uma de cada vez, com demonstração | Rotina fixa e ambiente calmo | Envolver cuidador;Manter mobilidade e AVDs | Reduzir quedas;Piora aguda (delirium) | Suspeita de violência contra a pessoa idosa (notificação obrigatória, Lei 10.741/2003);NICE NG97 – Dementia 2018 | Lei 10.741/2003 (Estatuto da Pessoa Idosa)
C017;Vertigem posicional paroxística benigna (VPPB) e tontura;H81.1 / R42;Neurofuncional / Vestibular;alta;Tontura com sinais neurológicos (diplopia, disartria, ataxia, fraqueza) – suspeita de AVC de circulação posterior | Nistagmo que não fadiga ou vertical puro;Dix-Hallpike e teste de rolamento (supine roll) | DHI (Dizziness Handicap Inventory) | Equilíbrio;P017;Manobras de reposicionamento (Epley) exigem cautela com restrição cervical, osteoporose grave ou doença cardíaca instável | Paciente acompanhado após manobra (risco de queda);Dix-Hallpike negativo | Reduzir DHI;Qualquer sinal neurológico central (emergência) | Sem resposta após 3 manobras;Bhattacharyya N et al., AAO-HNS Clinical Practice Guideline: BPPV 2017
C018;Neuropatia periférica diabética;E11.4 / G63.2;Neurofuncional;alta em diabéticos;Úlcera nos pés | Pé quente, vermelho e edemaciado (pé de Charcot);Monofilamento 10 g | Vibração (diapasão 128 Hz) | Inspeção dos pés | Equilíbrio e TUG | Glicemia pré-sessão se insulina;P017 | P008;"Não aplicar calor ou frio em área sem sensibilidade protetora | Inspecionar pés antes e depois | Calçado adequado; evitar descalço | Ver regras de glicemia (RG04–RG06)";Melhorar equilíbrio (Berg) | Zero lesões nos pés;Úlcera ou suspeita de Charcot;IWGDF Guidelines 2023 | Diretriz da Sociedade Brasileira de Diabetes 2023
C019;Doença pulmonar obstrutiva crônica (DPOC);J44;Respiratória;alta;Exacerbação: piora de dispneia, mudança da cor/volume do escarro, febre | SpO2 < 88% em repouso | Confusão ou sonolência (hipercapnia);mMRC ou CAT | TC6 | SpO2 em repouso e esforço | Borg dispneia | PImáx | Força de membros;P014 | P013 | P015 | P008;Suplementar O2 se dessaturar abaixo de 88% no esforço (conforme prescrição) | Treino intervalado se dispneia intensa | Técnicas de conservação de energia | Não usar EPAP alto em hiperinsuflação grave;Aumentar TC6 em ≥ 30 m | Reduzir CAT em ≥ 2 pontos;Exacerbação | Dessaturação nova não explicada;GOLD Report 2025 | ATS/ERS Statement on Pulmonary Rehabilitation 2013 (Spruit MA et al.)
C020;Pneumonia / pós-internação respiratória (incluindo pós-COVID);J18 / U09.9;Respiratória;alta;Febre persistente | SpO2 < 90% | Dessaturação ou taquicardia desproporcional ao esforço | Dor torácica;SpO2, FC, FR em repouso | Ausculta | TC6 ou teste de sentar-levantar 1 min | Barthel;P013 | P014 | P008 | P017;Progressão gradual de atividade | Monitorar SpO2 e FC durante exercício | Atenção a fadiga pós-esforço;Retorno à funcionalidade prévia | Aumentar TC6;Piora de sinais respiratórios ou febre;ASSOBRAFIR | WHO – Clinical management of COVID-19: Living guideline (reabilitação)
C021;Insuficiência cardíaca;I50;Cardiovascular;alta;Ganho de peso > 2 kg em 3 dias | Dispneia em repouso ou ortopneia nova | Edema progressivo | Síncope;Classe funcional NYHA | PA, FC, SpO2 | Peso diário | TC6 | Borg;P015 | P008 | P014;Somente IC compensada | Intensidade moderada (Borg 11–13) | Atenção a betabloqueador (usar Borg em vez de FC-alvo) | Evitar Valsalva no exercício resistido;Aumentar TC6 | Melhorar classe NYHA;Qualquer sinal de descompensação;Diretriz Brasileira de Insuficiência Cardíaca – SBC 2018 (atualização 2021) | Diretriz Brasileira de Reabilitação Cardiovascular – SBC 2020
C022;Doença arterial coronariana / pós-infarto / pós-revascularização;I25 / I21 / Z95.1;Cardiovascular;alta;Angina em repouso ou em esforço menor que o habitual | Arritmia sintomática;Teste ergométrico ou liberação médica | PA, FC, SpO2 | Borg | TC6;P015 | P008 | P014;Pós-esternotomia: restrições de membros superiores conforme cirurgião (geralmente 6–8 semanas) | Aquecimento e desaquecimento prolongados;Aumentar capacidade funcional (TC6/MET);Angina nova ou instável (emergência);Diretriz Brasileira de Reabilitação Cardiovascular – SBC 2020
C023;Hipertensão arterial sistêmica;I10;Cardiovascular;muito alta;PA ≥ 180/110 mmHg com cefaleia, dor torácica, alteração visual ou neurológica;PA pré e pós-sessão | Hipotensão ortostática | Medicações anti-hipertensivas;P015 | P008;Não iniciar exercício com PA ≥ 180/110 mmHg | Evitar Valsalva | Atenção a hipotensão pós-exercício e ortostática;Manter exercício aeróbico regular 150 min/semana conforme tolerância;PA ≥ 180/110 mmHg persistente ou com sintomas;Diretrizes Brasileiras de Hipertensão Arterial – SBC 2020
C024;Doença arterial periférica (claudicação intermitente);I73.9;Cardiovascular;moderada;Dor em repouso no pé | Úlcera ou gangrena | Membro frio e pálido súbito (isquemia aguda);ITB (índice tornozelo-braquial) | Distância até a dor na caminhada | TC6 | Inspeção de pele;P015 | P008;Treino de caminhada supervisionado até dor moderada, pausas e repetição | Não aplicar calor ou compressão em membro isquêmico | Não usar enfaixamento compressivo se ITB < 0,8;Aumentar distância de caminhada livre de dor;Isquemia crítica ou aguda (emergência);Gerhard-Herman MD et al., AHA/ACC Guideline on Lower Extremity PAD 2016 (atualização 2024)
C025;Diabetes mellitus tipo 2;E11;Metabólica;alta;Hipoglicemia (tremor, sudorese, confusão) | Glicemia > 300 mg/dL com sintomas;Glicemia pré-sessão se insulina/sulfonilureia | Pés (ver C018) | Retinopatia (evitar esforço intenso com retinopatia proliferativa);P015 | P008;Ver regras RG04–RG06 | Ter carboidrato de rápida absorção disponível | Retinopatia proliferativa: evitar Valsalva, exercício de alta intensidade e cabeça abaixo do tronco;Exercício aeróbico + resistido regular;Hipoglicemias frequentes nas sessões (ajuste de medicação);Diretriz da Sociedade Brasileira de Diabetes 2023 | ADA Standards of Care 2025
C026;Artrite reumatoide;M06;Reumatologia;moderada;Dor e rigidez cervical alta com sintomas neurológicos (instabilidade atlantoaxial) | Febre com articulação quente;Articulações em atividade | HAQ | Força de preensão | ADM;P008 | P009 | P006 | P005;Sem manipulação cervical (risco de instabilidade C1–C2) | Na fase inflamatória: crioterapia, exercícios leves e proteção articular | Uso crônico de corticoide = risco de osteoporose e pele frágil;Reduzir HAQ | Manter ADM e força;Surto inflamatório não controlado;EULAR recommendations for physical activity in inflammatory arthritis and osteoarthritis 2018
C027;Incontinência urinária;N39.3 (esforço) / N39.4 / R32;Uroginecológica;alta;Hematúria | Retenção urinária | Incontinência nova com dor lombar ou sinais neurológicos;Tipo de incontinência (esforço, urgência, mista) | ICIQ-SF | Diário miccional 3 dias | Oxford modificada | Mobilidade para chegar ao banheiro (TUG);P021 | P017;Em idosos frágeis, associar treino de mobilidade e micção programada | Consentimento para avaliação intracavitária | Checar medicamentos (diuréticos);Reduzir episódios de perda no diário miccional | Reduzir ICIQ-SF;Sinais de alerta | Prolapso sintomático importante;Dumoulin C et al., Cochrane 2018 | ICS/ICI Recommendations 2023
C028;Linfedema (incluindo pós-mastectomia);I89.0 / I97.2;Linfática / Oncologia;moderada;Erisipela (vermelhidão, calor, febre) | TVP | Aumento rápido do volume (recidiva tumoral);Perimetria/volumetria | Estágio ISL | ITB se for enfaixar membro inferior | Pele;P022 | P008;Checar IC e insuficiência renal antes de TDC | Pele frágil: cuidado com enfaixamento | Destreza para colocar malha compressiva (envolver cuidador);Reduzir volume do membro | Manter redução com malha;Infecção | Aumento súbito sem causa;ISL Consensus Document 2020
C029;Imobilismo / idoso acamado;M62.3;Gerontologia;moderada (institucionalizados e pós-internação);Lesão por pressão | TVP | Pneumonia | Desidratação;Braden (risco de lesão por pressão) | MRC | Goniometria | Barthel | Ausculta;P016 | P009 | P008 | P013 | P014;Mudança de decúbito e posicionamento | Progressão sentado → ortostatismo com checagem de PA | Prevenir contraturas;Sedestação e ortostatismo | Braden > 18 | Prevenção de contraturas (goniometria estável);Lesão por pressão estágio ≥ 2 | Sinais de infecção;NPIAP/EPUAP International Guideline for Pressure Injuries 2019
C030;Amputação de membro inferior;Z89.4-Z89.7;Traumato-ortopedia / Vascular;moderada (principalmente vascular/diabética);Ferida do coto com sinais de infecção | Dor e isquemia no membro contralateral;Nível e causa da amputação | Coto (formato, cicatrização) | Membro contralateral (pele, pulsos) | Equilíbrio e transferências | AMPPRO (se protetizado);P008 | P009 | P017;Prevenir contratura em flexão de quadril e joelho (evitar travesseiro sob o coto) | Proteger o membro contralateral | Enfaixamento do coto conforme cicatrização;Transferências independentes | Marcha com prótese ou dispositivo;Deiscência ou infecção do coto;Diretrizes de Atenção à Pessoa Amputada – Ministério da Saúde 2013
C031;Dor crônica generalizada / fibromialgia;M79.7;Dor;moderada;Dor nova com perda de peso, febre ou histórico de câncer | Fraqueza proximal nova (considerar polimialgia reumática em > 50 anos);EVA/END | FIQR | Qualidade do sono | GDS-15;P008 | P015 | P002 | P005;Exercício aeróbico e resistido em doses baixas e progressão lenta | Educação em dor | Recursos passivos apenas como coadjuvantes;Reduzir FIQR | Aumentar tolerância à atividade;Sinais sugestivos de polimialgia reumática ou arterite temporal (cefaleia, dor ao mastigar, alteração visual);EULAR revised recommendations for fibromyalgia 2017 (Macfarlane GJ et al.)
C032;Tendinopatia glútea / dor lateral do quadril;M70.6 / M76.0;Traumato-ortopedia;alta em mulheres;Dor após queda com incapacidade de apoiar (fratura);Dor à palpação do trocânter | Apoio unipodal 30 s | VISA-G | Força de abdutores;P008 | P017;Evitar adução do quadril (cruzar pernas, dormir de lado sem travesseiro entre os joelhos) | Carga progressiva de abdutores;Reduzir dor e melhorar VISA-G;Sem melhora em 12 semanas;Mellor R et al., LEAP trial, BMJ 2018
